{"embedding_dims": 10, "k": 30, "distance": "pn", "batch_size": 128, "epochs": 1000, "n_epochs_without_progress": 20, "margin": 1, "ntrees": 50, "search_k": -1, "precompute": true, "model_def": "maaten", "model_": null, "encoder": null, "supervision_metric": "sparse_categorical_crossentropy", "supervision_weight": 0.8, "supervised_model_": null, "loss_history_": [1.8701258897781372, 1.343022108078003, 1.1808537244796753, 1.080854892730713, 1.0132521390914917, 0.9702834486961365, 0.9317087531089783, 0.9093058705329895, 0.8665774464607239, 0.8365660905838013, 0.797317385673523, 0.7720550894737244, 0.742807924747467, 0.7165234088897705, 0.7000640630722046, 0.6752315759658813, 0.6555430889129639, 0.6177563071250916, 0.5909194946289062, 0.5736633539199829, 0.554853081703186, 0.5241600275039673, 0.49855586886405945, 0.4853000044822693, 0.4774180054664612, 0.44089263677597046, 0.4257092773914337, 0.41151508688926697, 0.40113627910614014, 0.38211795687675476, 0.3728572726249695, 0.35907936096191406, 0.3487342894077301, 0.3426635265350342, 0.31703120470046997, 0.30805057287216187, 0.3017728626728058, 0.2973286807537079, 0.3008038103580475, 0.29525676369667053, 0.2864491939544678, 0.27806878089904785, 0.2828609049320221, 0.25371113419532776, 0.2626965641975403, 0.25826355814933777, 0.2573259174823761, 0.25330445170402527, 0.255168080329895, 0.25240227580070496, 0.25676947832107544, 0.24423737823963165, 0.23988820612430573, 0.22747240960597992, 0.23831284046173096, 0.23894420266151428, 0.23482121527194977, 0.23768283426761627, 0.22900162637233734, 0.21534320712089539, 0.23283223807811737, 0.20704199373722076, 0.2163592427968979, 0.21940872073173523, 0.21527191996574402, 0.2075006514787674, 0.21860268712043762, 0.21417483687400818, 0.21461063623428345, 0.2226763516664505, 0.21292735636234283, 0.20167817175388336, 0.2085777372121811, 0.19589701294898987, 0.19136689603328705, 0.20290499925613403, 0.21167096495628357, 0.18786963820457458, 0.2025015950202942, 0.19077588617801666, 0.19231337308883667, 0.20919717848300934, 0.17989103496074677, 0.17391802370548248, 0.19829587638378143, 0.18321430683135986, 0.18813572824001312, 0.188568115234375, 0.20115865767002106, 0.17711323499679565, 0.18347181379795074, 0.2014010101556778, 0.1799343079328537, 0.16868311166763306, 0.16910240054130554, 0.1789688616991043, 0.1735529899597168, 0.17318032681941986, 0.20719999074935913, 0.17519161105155945, 0.1852441132068634, 0.17627087235450745, 0.1641472727060318, 0.16588036715984344, 0.1706821471452713, 0.16432370245456696, 0.17036402225494385, 0.17200332880020142, 0.16137920320034027, 0.16436141729354858, 0.17324712872505188, 0.16924680769443512, 0.1690877377986908, 0.15454678237438202, 0.1750713437795639, 0.16865850985050201, 0.15450835227966309, 0.1626087725162506, 0.14910291135311127, 0.1627228856086731, 0.17365722358226776, 0.16164569556713104, 0.15920859575271606, 0.1658829152584076, 0.16010428965091705, 0.15561871230602264, 0.17647500336170197, 0.1616544872522354, 0.16404440999031067, 0.15460850298404694, 0.1428019404411316, 0.14170639216899872, 0.1672465205192566, 0.1453467756509781, 0.1503351330757141, 0.15805363655090332, 0.183491513133049, 0.15469208359718323, 0.16028247773647308, 0.1499270498752594, 0.14306417107582092, 0.14516045153141022, 0.1436360776424408, 0.1419229656457901, 0.15120626986026764, 0.15587741136550903, 0.14837820827960968, 0.14377166330814362, 0.14778153598308563, 0.16539017856121063, 0.15689033269882202, 0.15445098280906677], "annoy_index_path": "annoy.index", "callbacks": [], "build_index_on_disk": true, "verbose": 1, "n_classes": 21}